Built,n,prop
3.5.0,106,0.8983050847457628
3.5.1,12,0.1016949152542373
